[{
    "_id": {
      "$oid": "5eee651f739f8c674fd736e1"
    },
    "name": "Sugar",
    "image": "sugar.jpg",
    "price": "30",
    "size": "1kg"
  },{
    "_id": {
      "$oid": "5eee6671a27a66807cf2bea2"
    },
    "name": "Chaval",
    "image": "chaval.jpg",
    "price": "15",
    "size": "1kg"
  },{
    "_id": {
      "$oid": "5eee6692a27a66807cf2bea3"
    },
    "name": "Gehu",
    "image": "gehu.jpg",
    "price": "16",
    "size": "1kg"
  },{
    "_id": {
      "$oid": "5eee66a5a27a66807cf2bea4"
    },
    "name": "Chana",
    "image": "chana.jpg",
    "price": "30",
    "size": "1kg"
  },{
    "_id": {
      "$oid": "5eee66c4a27a66807cf2bea5"
    },
    "name": "Kerosin",
    "image": "kerosin.jpg",
    "price": "50",
    "size": "1ltr"
  },{
    "_id": {
      "$oid": "5eee66cfa27a66807cf2bea6"
    },
    "name": "oil",
    "image": "oil.jpg",
    "price": "70",
    "size": "1ltr"
  },{
    "_id": {
      "$oid": "5eee66eea27a66807cf2bea7"
    },
    "name": "Mag",
    "image": "mag.jpg",
    "price": "40",
    "size": "1kg"
  },{ 
    "_id": {
      "$oid": "5eee6717a27a66807cf2bea8"
    },
    "name": "Moogdal",
    "image": "moogdal",
    "price": "42",
    "size": "1kg"
  }]